platform,item_id,product_name,seller_name,price,original_price,discount_pct,stock,sold_30d,sold_lifetime,rating_avg,review_count,star_5,star_4,star_3,star_2,star_1,description,category,variations,url,image_url,search_keyword,scraped_at,sold_final,sold_source,is_suspicious,has_ratings,product_name_clean,is_authentic,category_derived
Lazada,2156666538,HGHMNDS - DIAGRAM,,800.0,,,,,5000.0,5.0,1187,1158.0,18.0,7.0,3.0,1.0,Buy HGHMNDS - DIAGRAM online at Lazada Philippines. Discount prices and promotional sale on all Tops. Free Shipping.,Men's Clothing > Tops > T-Shirts & Tanks > HGHMNDS - DIAGRAM,"[""XXL"", ""XL"", ""L"", ""M"", ""3XL""]",https://www.lazada.com.ph/products/pdp-i2156666538.html,https://img.lazcdn.com/g/p/38ce981e51884526142a8c47026f2110.jpg_200x200q80.jpg,hghmnds,20260816_012848,5000,sold_lifetime,False,True,HGHMNDS - DIAGRAM,True,T-Shirt
Lazada,5189436885,HGHMNDS CLO. - KING KNOWLEDGE SHIRT,,650.0,1313.0,50.5,,,83.0,,41,,,,,,HGHMNDS CLO. - KING KNOWLEDGE SHIRTAlways remember that knowledge is your most priceless possession. COTTON AND POLYESTER BLEND (245 GSM)Official HIGH MINDS CLOTHING product.HGHMNDS CLOTHING is an independent PH streetwear brand that aims to uplift and inspire the masses.Superior quality goods.,Men's Clothing > Tops > T-Shirts & Tanks > HGHMNDS CLO. - KING KNOWLEDGE SHIRT,"[""XS"", ""S"", ""M"", ""L"", ""XL"", ""XXL"", ""3XL""]",https://www.lazada.com.ph/products/pdp-i5189436885.html,https://img.lazcdn.com/g/p/fbd4ade016a9a361e254d7452d2c5d72.jpg_200x200q80.jpg,hghmnds,20260816_012848,83,sold_lifetime,False,True,HGHMNDS CLO. - KING KNOWLEDGE SHIRT,True,T-Shirt
Lazada,4479630010,HGHMNDS CLO. - SPELL CAST,,750.0,,,,,217.0,,94,,,,,,"HGHMNDS CLO. - SPELL CASTMake your own magic, cast your own spell, craft the most epic of stories to tell. COTTON AND POLYESTER BLEND (245 GSM)Official HIGH MINDS CLOTHING product.HGHMNDS CLOTHING is an independent PH streetwear brand that aims to uplift and inspire the masses.Superior quality goods.",Men's Clothing > Tops > T-Shirts & Tanks > HGHMNDS CLO. - SPELL CAST,"[""XS"", ""S"", ""M"", ""L"", ""XL"", ""XXL"", ""3XL""]",https://www.lazada.com.ph/products/pdp-i4479630010.html,https://img.lazcdn.com/g/p/03c5a59e324fdbfa6e140d5666da3d44.jpg_200x200q80.jpg,hghmnds,20260816_012848,217,sold_lifetime,False,True,HGHMNDS CLO. - SPELL CAST,True,T-Shirt
Lazada,3134874109,HGHMNDS - PRICE CHECK,,800.0,,,,,734.0,,212,,,,,,Buy HGHMNDS - PRICE CHECK online at Lazada Philippines. Discount prices and promotional sale on all Tops. Free Shipping.,Men's Clothing > Tops > T-Shirts & Tanks > HGHMNDS - PRICE CHECK,"[""S"", ""M"", ""L"", ""XL"", ""XXL"", ""3XL""]",https://www.lazada.com.ph/products/pdp-i3134874109.html,https://img.lazcdn.com/g/p/c74e41c1539ce5f83b7713100b0a15af.png_200x200q80.png,hghmnds,20260816_012848,734,sold_lifetime,False,True,HGHMNDS - PRICE CHECK,True,T-Shirt
Lazada,15553347204,HGHMNDS CLO. - EYE STRAIN LONGSLEEVES,,850.0,1515.0,43.9,,,11.0,,5,,,,,,HGHMNDS ONLINE - OVERCAST LONGSLEEVESStare long enough and get the message hidden within cryptic lines and elements. PRODUCT DETAILSRegular Cotton Blend Longsleeves With Cotton Blend Ribbing & Silkscreen Print GraphicOfficial HIGH MINDS CLOTHING product.HGHMNDS CLOTHING is an independent PH streetwear brand that aims to uplift and inspire the masses.Superior quality goods.,Men's Clothing > Tops > Shirts > HGHMNDS CLO. - EYE STRAIN LONGSLEEVES,"[""XS"", ""S"", ""M"", ""L"", ""XL"", ""XXL"", ""3XL""]",https://www.lazada.com.ph/products/pdp-i15553347204.html,https://img.lazcdn.com/g/p/9b16dbb182cf4abbe019e4c262554679.jpg_200x200q80.jpg,hghmnds,20260816_012848,11,sold_lifetime,False,True,HGHMNDS CLO. - EYE STRAIN LONGSLEEVES,True,Longsleeves
Lazada,1331266671,HGHMNDS - THE COSMIC PROCESS,,800.0,,,,,5800.0,,1844,,,,,,Buy HGHMNDS - THE COSMIC PROCESS online at Lazada Philippines. Discount prices and promotional sale on all Tops. Free Shipping.,,"[""Black"", ""3XL"", ""M"", ""L"", ""XL"", ""XXL""]",https://www.lazada.com.ph/products/pdp-i1331266671.html,https://img.lazcdn.com/g/p/4901f7de3fd2dd68c240b94428f61061.png_200x200q80.png,hghmnds,20260816_012848,5800,sold_lifetime,False,True,HGHMNDS - THE COSMIC PROCESS,True,T-Shirt
Lazada,3279682284,HGHMNDS - STOREFRONT,,750.0,,,,,2000.0,,441,,,,,,Buy HGHMNDS - STOREFRONT online at Lazada Philippines. Discount prices and promotional sale on all Tops. Free Shipping.,,"[""M"", ""L"", ""XL"", ""XXL"", ""3XL""]",https://www.lazada.com.ph/products/pdp-i3279682284.html,https://img.lazcdn.com/g/p/da72ff4ba7ef78aef13d4ff18af74a5e.png_200x200q80.png,hghmnds,20260816_012848,2000,sold_lifetime,False,True,HGHMNDS - STOREFRONT,True,T-Shirt
Lazada,4583403894,HGHMNDS CLO. - Declaration Longsleeves,,900.0,,,,,200.0,,71,,,,,,HGHMNDS CLO. - Declaration LongsleevesMake it louder for those in the back. For those who pretend you don't even exist. COTTON AND POLYESTER BLEND (245 GSM) Official HIGH MINDS CLOTHING product.HGHMNDS CLOTHING is an independent PH streetwear brand that aims to uplift and inspire the masses.Superior quality goods.,,"[""M"", ""L"", ""XL"", ""XXL"", ""3XL""]",https://www.lazada.com.ph/products/pdp-i4583403894.html,https://img.lazcdn.com/g/p/043eed37db767c1a54dc94017b98ff6f.jpg_200x200q80.jpg,hghmnds,20260816_012848,200,sold_lifetime,False,True,HGHMNDS CLO. - Declaration Longsleeves,True,Longsleeves
Lazada,5134881948,HGHMNDS CLO. - All Eyes Shorts,,750.0,,,,,74.0,,30,,,,,,"HGHMNDS CLO. - ALL EYES SHORTSYou don’t need the attention, but the world listens and hangs on to every word. That is power. Official HIGH MINDS CLOTHING product.HGHMNDS CLOTHING is an independent PH streetwear brand that aims to uplift and inspire the masses.Superior quality goods.",,"[""XS"", ""S"", ""M"", ""L"", ""XL"", ""XXL"", ""3XL""]",https://www.lazada.com.ph/products/pdp-i5134881948.html,https://img.lazcdn.com/g/p/e86c2e313af01dba925ce37ac6e9bee2.jpg_200x200q80.jpg,hghmnds,20260816_012848,74,sold_lifetime,False,True,HGHMNDS CLO. - All Eyes Shorts,True,Bottoms
Lazada,5242399174,HGHMNDS CLO. - MASKED GRIT,,750.0,,,,,54.0,,20,,,,,,HGHMNDS CLO. - MASKED GRITPure conviction captured up close.Only the real ones know.COTTON AND POLYESTER BLEND (245 GSM)Official HIGH MINDS CLOTHING product.HGHMNDS CLOTHING is an independent PH streetwear brand that aims to uplift and inspire the masses.Superior quality goods.,Men's Clothing > Tops > T-Shirts & Tanks > HGHMNDS CLO. - MASKED GRIT,"[""XS"", ""S"", ""M"", ""L"", ""XL"", ""XXL"", ""3XL""]",https://www.lazada.com.ph/products/pdp-i5242399174.html,https://img.lazcdn.com/g/p/8c88001768d7860a291e79c488abd983.jpg_200x200q80.jpg,hghmnds,20260816_012848,54,sold_lifetime,False,True,HGHMNDS CLO. - MASKED GRIT,True,T-Shirt
Lazada,15553329388,HGHMNDS CLO. - SKULL SPHERE,,1000.0,,,,,,,1,,,,,,HGHMNDS ONLINE - SKULL SPHEREA circle of life in full motion for the universe to see. An artful perception of mortality. PRODUCT DETAILSRegular Cotton Blend Longsleeves With Cotton Blend Ribbing & Silkscreen Print GraphicOfficial HIGH MINDS CLOTHING product.HGHMNDS CLOTHING is an independent PH streetwear brand that aims to uplift and inspire the masses.Superior quality goods.,Men's Clothing > Tops > Shirts > HGHMNDS CLO. - SKULL SPHERE,"[""XS"", ""S"", ""M"", ""L"", ""XL"", ""XXL"", ""3XL""]",https://www.lazada.com.ph/products/pdp-i15553329388.html,https://img.lazcdn.com/g/p/9e7b497ed610b1092e4c99e229535e8e.jpg_200x200q80.jpg,hghmnds,20260816_012848,0,sold_lifetime,False,True,HGHMNDS CLO. - SKULL SPHERE,True,T-Shirt
Lazada,4645250403,HGHMNDS CLO. - Blue Dream,,750.0,,,,,332.0,,150,,,,,,HGHMNDS CLO. - BLUE DREAMTo stare at open skies and feel its blue embrace is pure bliss. .COTTON AND POLYESTER BLEND (245 GSM)Official HIGH MINDS CLOTHING product.HGHMNDS CLOTHING is an independent PH streetwear brand that aims to uplift and inspire the masses.Superior quality goods.,Men's Clothing > Tops > T-Shirts & Tanks > HGHMNDS CLO. - Blue Dream,"[""XS"", ""S"", ""M"", ""L"", ""XL"", ""XXL"", ""3XL""]",https://www.lazada.com.ph/products/pdp-i4645250403.html,https://img.lazcdn.com/g/p/650cfca3a0acdb3347cae2483e66b96a.jpg_200x200q80.jpg,hghmnds,20260816_012848,332,sold_lifetime,False,True,HGHMNDS CLO. - Blue Dream,True,T-Shirt
Lazada,5355413706,HGHMNDS CLO. - ASPHALT LINES SHIRT,,900.0,,,,,7.0,,3,,,,,,HGHMNDS CLO. - ASPHALT LINES It’s ground zero and the best thing about it is that anything can happen. COTTON AND POLYESTER BLEND (245 GSM)Official HIGH MINDS CLOTHING product.HGHMNDS CLOTHING is an independent PH streetwear brand that aims to uplift and inspire the masses.Superior quality goods.,Men's Clothing > Tops > T-Shirts & Tanks > HGHMNDS CLO. - ASPHALT LINES SHIRT,"[""XS"", ""S"", ""M"", ""L"", ""XL"", ""XXL"", ""3XL""]",https://www.lazada.com.ph/products/pdp-i5355413706.html,https://img.lazcdn.com/g/p/9e498ed60727555f2a078b845d5ba509.jpg_200x200q80.jpg,hghmnds,20260816_012848,7,sold_lifetime,False,True,HGHMNDS CLO. - ASPHALT LINES SHIRT,True,T-Shirt
Lazada,4803397659,HGHMNDS ONLINE - IRON WELDERS SHIRT,,620.0,1717.0,63.9,,,125.0,,52,,,,,,HGHMNDS CLO. - IRON WELDERSDedicated to the determined artists and purveyors of their chosen craft. You are all living legends.COTTON AND POLYESTER BLEND (245 GSM)Official HIGH MINDS CLOTHING product.HGHMNDS CLOTHING is an independent PH streetwear brand that aims to uplift and inspire the masses.Superior quality goods.,Men's Clothing > Tops > T-Shirts & Tanks > HGHMNDS ONLINE - IRON WELDERS SHIRT,"[""M"", ""L"", ""XL"", ""XXL"", ""3XL""]",https://www.lazada.com.ph/products/pdp-i4803397659.html,https://img.lazcdn.com/g/p/28b0ad8633a7cb7451e8b93b84ec273c.jpg_200x200q80.jpg,hghmnds,20260816_012848,125,sold_lifetime,False,True,HGHMNDS ONLINE - IRON WELDERS SHIRT,True,T-Shirt
Lazada,15483928218,HGHMNDS ONLINE - CORE CONNECTION SHIRT,,800.0,,,,,6.0,,1,,,,,,HGHMNDS ONLINE - CORE CONNECTION SHIRTThe best creations in existence are built by the connections we make. PRODUCT DETAILSBox T-Shirt with Cotton Blend Ribbing Silkscreen Print GraphicCOTTON AND POLYESTER BLEND (245 GSM)Official HIGH MINDS CLOTHING product.HGHMNDS CLOTHING is an independent PH streetwear brand that aims to uplift and inspire the masses.Superior quality goods.,,"[""XS"", ""S"", ""M"", ""L"", ""XL"", ""XXL"", ""3XL""]",https://www.lazada.com.ph/products/pdp-i15483928218.html,https://img.lazcdn.com/g/p/c11b079fdd83c47031fe924d4afcdd7b.jpg_200x200q80.jpg,hghmnds,20260816_012848,6,sold_lifetime,False,True,HGHMNDS ONLINE - CORE CONNECTION SHIRT,True,T-Shirt
Lazada,4104607663,HGHMNDS - GOLD KNIGHT,,800.0,,,,,357.0,,149,,,,,,"HGHMNDS - GOLD KNIGHTWhen swords are drawn, the declaration of war becomes loud and clear. COTTON AND POLYESTER BLEND (245 GSM) SILKSCREEN PRINTED DESIGN",,"[""M"", ""L"", ""XL"", ""XXL"", ""3XL""]",https://www.lazada.com.ph/products/pdp-i4104607663.html,https://img.lazcdn.com/g/p/ce05c9b2c56ad7c011d033912af2e966.jpg_200x200q80.jpg,hghmnds,20260816_012848,357,sold_lifetime,False,True,HGHMNDS - GOLD KNIGHT,True,T-Shirt
Lazada,4266095796,HGHMNDS - BAKE SALE RED,,750.0,,,,,129.0,,48,,,,,,COTTON AND POLYESTER BLEND (245 GSM),,"[""XS"", ""S"", ""M"", ""L"", ""XL"", ""XXL"", ""3XL""]",https://www.lazada.com.ph/products/pdp-i4266095796.html,https://img.lazcdn.com/g/p/a110d76758525c0ecf1d31a218173832.jpg_200x200q80.jpg,hghmnds,20260816_012848,129,sold_lifetime,False,True,HGHMNDS - BAKE SALE RED,True,T-Shirt
Lazada,4826362749,HGHMNDS CLO. - LOVE GROWS,,750.0,,,,,115.0,,34,,,,,,HGHMNDS CLO. - LOVE GROWSThe only way growth can happen is with utmost care and love. Water as needed.COTTON AND POLYESTER BLEND (245 GSM)Official HIGH MINDS CLOTHING product.HGHMNDS CLOTHING is an independent PH streetwear brand that aims to uplift and inspire the masses.Superior quality goods.,,"[""XS"", ""S"", ""M"", ""L"", ""XL"", ""XXL"", ""3XL""]",https://www.lazada.com.ph/products/pdp-i4826362749.html,https://img.lazcdn.com/g/p/652f4d0fcc5597967df99538a7aefc7e.jpg_200x200q80.jpg,hghmnds,20260816_012848,115,sold_lifetime,False,True,HGHMNDS CLO. - LOVE GROWS,True,T-Shirt
Lazada,5135097284,HGHMNDS CLO. - Seek Clarity Shirt,,750.0,,,,,50.0,,18,,,,,,HGHMNDS CLO. - SEEK CLARITY SHIRTFind your truth. Don’t stop for nothing. Your answers will never come from half-cooked facts; find and formulate your own.Official HIGH MINDS CLOTHING product.HGHMNDS CLOTHING is an independent PH streetwear brand that aims to uplift and inspire the masses.Superior quality goods.,,"[""XS"", ""S"", ""M"", ""L"", ""XL"", ""XXL"", ""3XL""]",https://www.lazada.com.ph/products/pdp-i5135097284.html,https://img.lazcdn.com/g/p/41201b826a51bbbc082df847bbb3f6fe.jpg_200x200q80.jpg,hghmnds,20260816_012848,50,sold_lifetime,False,True,HGHMNDS CLO. - Seek Clarity Shirt,True,T-Shirt
Lazada,15497531515,HGHMNDS ONLINE - SPEED FREAK SHIRT,,800.0,,,,,11.0,,4,,,,,,HGHMNDS ONLINE - SPEED FREAK SHIRTIt’s always the lust for speed and the thrill of daring the odds. Are you a speed freak? PRODUCT DETAILSRegular T-Shirt with Cotton Blend RibbingSilkscreen Print GraphicCotton and Polyester Blend (245 gsm)Official HIGH MINDS CLOTHING product.HGHMNDS CLOTHING is an independent PH streetwear brand that aims to uplift and inspire the masses.Superior quality goods.,,"[""XS"", ""S"", ""M"", ""L"", ""XL"", ""XXL"", ""3XL""]",https://www.lazada.com.ph/products/pdp-i15497531515.html,https://img.lazcdn.com/g/p/858eaf1148390abff80465fdae1a796e.jpg_200x200q80.jpg,hghmnds,20260816_012848,11,sold_lifetime,False,True,HGHMNDS ONLINE - SPEED FREAK SHIRT,True,T-Shirt
Lazada,15483399318,HGHMNDS ONLINE - GARDEN FRESH SHIRT,,800.0,,,,,7.0,,2,,,,,,"HGHMNDS ONLINE - GARDEN FRESH SHIRTGreen and leafy goodness, nothing artificial going on here, just pure natural goodness. PRODUCT DETAILSRegular T-Shirt with Cotton Blend RibbingSilkscreen Print GraphicCOTTON AND POLYESTER BLEND (245 GSM)Official HIGH MINDS CLOTHING product.HGHMNDS CLOTHING is an independent PH streetwear brand that aims to uplift and inspire the masses.Superior quality goods.",,"[""XS"", ""S"", ""M"", ""L"", ""XL"", ""XXL"", ""3XL""]",https://www.lazada.com.ph/products/pdp-i15483399318.html,https://img.lazcdn.com/g/p/668e62d2d7d49c38e68980d5b915c863.jpg_200x200q80.jpg,hghmnds,20260816_012848,7,sold_lifetime,False,True,HGHMNDS ONLINE - GARDEN FRESH SHIRT,True,T-Shirt
Lazada,3570257701,HGHMNDS - PEACE WITHIN,,800.0,,,,,1200.0,,381,,,,,,Buy HGHMNDS - PEACE WITHIN online at Lazada Philippines. Discount prices and promotional sale on all Tops. Free Shipping.,,"[""XS"", ""S"", ""M"", ""L"", ""XL"", ""XXL"", ""3XL""]",https://www.lazada.com.ph/products/pdp-i3570257701.html,https://img.lazcdn.com/g/p/624709a83cf22adea5aca9005ae93ea3.jpg_200x200q80.jpg,hghmnds,20260816_012848,1200,sold_lifetime,False,True,HGHMNDS - PEACE WITHIN,True,T-Shirt
Lazada,15482781776,HGHMNDS ONLINE - PATCH POCKET SHIRT,,800.0,,,,,,,2,,,,,,"HGHMNDS ONLINE - PATCH POCKETIt’s the small, yet well thought of details, that bring the strongest impact to the scenario. PRODUCT DETAILSRegular T-Shirt with Cotton Blend RibbingSilkscreen Print GraphicCOTTON AND POLYESTER BLEND (245 GSM)Official HIGH MINDS CLOTHING product.HGHMNDS CLOTHING is an independent PH streetwear brand that aims to uplift and inspire the masses.Superior quality goods.",,"[""XS"", ""S"", ""M"", ""L"", ""XL"", ""XXL"", ""3XL""]",https://www.lazada.com.ph/products/pdp-i15482781776.html,https://img.lazcdn.com/g/p/e4a64c66e5e55500d75d0633f84ed80b.jpg_200x200q80.jpg,hghmnds,20260816_012848,0,sold_lifetime,False,True,HGHMNDS ONLINE - PATCH POCKET SHIRT,True,T-Shirt
Lazada,3377136975,HGHMNDS - LEAF CROWN,,800.0,,,,,1400.0,,449,,,,,,Buy HGHMNDS - LEAF CROWN online at Lazada Philippines. Discount prices and promotional sale on all Tops. Free Shipping.,,"[""M"", ""L"", ""XL"", ""XXL"", ""3XL""]",https://www.lazada.com.ph/products/pdp-i3377136975.html,https://img.lazcdn.com/g/p/021e3b6af1d2b6ce84e4544c36eb5277.png_200x200q80.png,hghmnds,20260816_012848,1400,sold_lifetime,False,True,HGHMNDS - LEAF CROWN,True,T-Shirt
Lazada,15525280790,HGHMNDS ONLINE - MIRROR TRACK,,850.0,,,,,,,2,,,,,,HGHMNDS ONLINE - MIRROR TRACKSymmetry is key. The perfect indicator of perfection. PRODUCT DETAILSBox Raglan Cut Shirt With Cotton Blend RibbingSilkscreen Print GraphicCotton and Polyester Blend (245 gsm)Official HIGH MINDS CLOTHING product.HGHMNDS CLOTHING is an independent PH streetwear brand that aims to uplift and inspire the masses.Superior quality goods.,,"[""XS"", ""S"", ""M"", ""L"", ""XL"", ""XXL"", ""3XL""]",https://www.lazada.com.ph/products/pdp-i15525280790.html,https://img.lazcdn.com/g/p/730dee609a6e2f28e56fe72937f6b257.jpg_200x200q80.jpg,hghmnds,20260816_012848,0,sold_lifetime,False,True,HGHMNDS ONLINE - MIRROR TRACK,True,T-Shirt
Lazada,4104657201,HGHMNDS - SUN FACE,,750.0,,,,,326.0,,117,,,,,,HGHMNDS -SUN FACEBe the bright sun in one's otherwise dull and dark day. COTTON AND POLYESTER BLEND (245 GSM) SILKSCREEN PRINTED DESIGN,,"[""M"", ""L"", ""XL"", ""XXL"", ""3XL""]",https://www.lazada.com.ph/products/pdp-i4104657201.html,https://img.lazcdn.com/g/p/82914e96874e2d7dea219634fab0d084.jpg_200x200q80.jpg,hghmnds,20260816_012848,326,sold_lifetime,False,True,HGHMNDS - SUN FACE,True,T-Shirt
Lazada,3279686200,HGHMNDS - PEACE OVER ALL,,800.0,,,,,1000.0,,268,,,,,,Buy HGHMNDS - PEACE OVER ALL online at Lazada Philippines. Discount prices and promotional sale on all Tops. Free Shipping.,,"[""M"", ""L"", ""XL"", ""XXL"", ""3XL""]",https://www.lazada.com.ph/products/pdp-i3279686200.html,https://img.lazcdn.com/g/p/27e14adb2b9db94f7592a1c01d32c465.jpg_200x200q80.jpg,hghmnds,20260816_012848,1000,sold_lifetime,False,True,HGHMNDS - PEACE OVER ALL,True,T-Shirt
Lazada,4142911745,HGHMNDS - Good Faith,,800.0,,,,,325.0,,114,,,,,,"HGHMNDS -Good FaithNothing is certain in this world, might as well keep the faith and soldier on. COTTON AND POLYESTER BLEND (245 GSM) SILKSCREEN PRINTED DESIGN",,"[""M"", ""L"", ""XL"", ""XXL"", ""3XL""]",https://www.lazada.com.ph/products/pdp-i4142911745.html,https://img.lazcdn.com/g/p/9814379c16c468b7f131f473ce7708db.jpg_200x200q80.jpg,hghmnds,20260816_012848,325,sold_lifetime,False,True,HGHMNDS - Good Faith,True,T-Shirt
Lazada,5317226871,HGHMNDS CLO. - NAME BAR SWEATSHIRT,,1500.0,,,,,12.0,,3,,,,,,"HGHMNDS ONLINE - NAME BAR SWEATSHIRT Show off the name, because first impressions last.FLEECE FABRIC (355 GSM) Official HIGH MINDS CLOTHING product.HGHMNDS CLOTHING is an independent PH streetwear brand that aims to uplift and inspire the masses.Superior quality goods.",,"[""XS"", ""S"", ""M"", ""L"", ""XL"", ""XXL"", ""3XL""]",https://www.lazada.com.ph/products/pdp-i5317226871.html,https://img.lazcdn.com/g/p/e989cc34539820a3606f99fcce987f57.jpg_200x200q80.jpg,hghmnds,20260816_012848,12,sold_lifetime,False,True,HGHMNDS CLO. - NAME BAR SWEATSHIRT,True,Hoodie/Sweatshirt
Lazada,4645282353,HGHMNDS CLO. - Rainbow Drive,,750.0,,,,,239.0,,81,,,,,,HGHMNDS CLO. - RAINBOW DRIVENothing can outrace those with colorful ambitions. Do it it you dare. .COTTON AND POLYESTER BLEND (245 GSM)Official HIGH MINDS CLOTHING product.HGHMNDS CLOTHING is an independent PH streetwear brand that aims to uplift and inspire the masses.Superior quality goods.,,"[""M"", ""L"", ""XL"", ""XXL"", ""3XL""]",https://www.lazada.com.ph/products/pdp-i4645282353.html,https://img.lazcdn.com/g/p/4e2198544541da39ab4e60f1b856b5e6.jpg_200x200q80.jpg,hghmnds,20260816_012848,239,sold_lifetime,False,True,HGHMNDS CLO. - Rainbow Drive,True,T-Shirt
Lazada,15541436754,HGHMNDS ONLINE - COZY ASH HOODIE,,2200.0,,,,,,,0,,,,,,HGHMNDS ONLINE - COZY ASH HOODIEThe warm embrace of the fire’s aftermath. Made for comfort. Pure bliss with every movement.PRODUCT DESCRIPTIONCOTTON BLEND KNITTED HOODIEOfficial HIGH MINDS CLOTHING product.HGHMNDS CLOTHING is an independent PH streetwear brand that aims to uplift and inspire the masses.Superior quality goods.,,"[""XS"", ""S"", ""M"", ""L"", ""XL"", ""XXL"", ""3XL""]",https://www.lazada.com.ph/products/pdp-i15541436754.html,https://img.lazcdn.com/g/p/f418d40cae3ea659bebc3026cfb76a67.jpg_200x200q80.jpg,hghmnds,20260816_012848,0,sold_lifetime,False,False,HGHMNDS ONLINE - COZY ASH HOODIE,True,Hoodie/Sweatshirt
Lazada,4983342135,HGHMNDS CLO. - DOWNBEAT POUCH,,500.0,,,,,8.0,,3,,,,,,"HGHMNDS CLO. - DOWNBEAT POUCHDownplay your daily earnings, then surprise the world with the overall results.Official HIGH MINDS CLOTHING product.HGHMNDS CLOTHING is an independent PH streetwear brand that aims to uplift and inspire the masses.Superior quality goods.",,,https://www.lazada.com.ph/products/pdp-i4983342135.html,https://img.lazcdn.com/g/p/769d34904a5eaea40fe0bb7db01bd5bd.jpg_200x200q80.jpg,hghmnds,20260816_012848,8,sold_lifetime,False,True,HGHMNDS CLO. - DOWNBEAT POUCH,True,T-Shirt
Lazada,3135060015,HGHMNDS - NO HEAVEN,,800.0,,,,,2200.0,,456,,,,,,Buy HGHMNDS - NO HEAVEN online at Lazada Philippines. Discount prices and promotional sale on all Tops. Free Shipping.,,"[""L"", ""XL""]",https://www.lazada.com.ph/products/pdp-i3135060015.html,https://img.lazcdn.com/g/p/b6654d9ff97cbfef333d970f6476d7a6.png_200x200q80.png,hghmnds,20260816_012848,2200,sold_lifetime,False,True,HGHMNDS - NO HEAVEN,True,T-Shirt
Lazada,3495029763,HGHMNDS - MIXTAPE SYNDROME,,800.0,,,,,1800.0,,516,,,,,,Buy HGHMNDS - MIXTAPE SYNDROME online at Lazada Philippines. Discount prices and promotional sale on all Tops. Free Shipping.,,"[""M"", ""L"", ""XL"", ""XXL"", ""3XL""]",https://www.lazada.com.ph/products/pdp-i3495029763.html,https://img.lazcdn.com/g/p/488d85e911dc75753c570577f3cf8bd4.png_200x200q80.png,hghmnds,20260816_012848,1800,sold_lifetime,False,True,HGHMNDS - MIXTAPE SYNDROME,True,T-Shirt
Lazada,4226087113,HGHMNDS - WIRE THERAPY,,800.0,,,,,246.0,,95,,,,,,,,,https://www.lazada.com.ph/products/pdp-i4226087113.html,https://img.lazcdn.com/g/p/aa10fcb038ebb5a29ae748a5e4c47bcf.jpg_200x200q80.jpg,hghmnds,20260816_012848,246,sold_lifetime,False,True,HGHMNDS - WIRE THERAPY,True,T-Shirt
Lazada,5355423967,HGHMNDS - SOFT BURN MAROON SHORTS,,500.0,,,,,16.0,,5,,,,,,,,,https://www.lazada.com.ph/products/pdp-i5355423967.html,https://img.lazcdn.com/g/p/177ebbaf59f389a82f7c26e4c53e4915.jpg_200x200q80.jpg,hghmnds,20260816_012848,16,sold_lifetime,False,True,HGHMNDS - SOFT BURN MAROON SHORTS,True,Bottoms
Lazada,2686816166,HGHMNDS - GAME ON,,800.0,,,,,2600.0,,624,,,,,,,,,https://www.lazada.com.ph/products/pdp-i2686816166.html,https://img.lazcdn.com/g/p/be2ffb1500a3a4d3a71053ba502c1bc5.jpg_200x200q80.jpg,hghmnds,20260816_012848,2600,sold_lifetime,False,True,HGHMNDS - GAME ON,True,T-Shirt
Lazada,5317558574,HGHMNDS CLO - THUNDERSTRUCK COLORED,,850.0,,,,,17.0,,6,,,,,,,,,https://www.lazada.com.ph/products/pdp-i5317558574.html,https://img.lazcdn.com/g/p/aeeeee4ac25f1fa134adb520c1bd00a9.jpg_200x200q80.jpg,hghmnds,20260816_012848,17,sold_lifetime,False,True,HGHMNDS CLO - THUNDERSTRUCK COLORED,True,T-Shirt
Lazada,4645240485,HGHMNDS CLO. - Go North,,750.0,,,,,175.0,,70,,,,,,,,,https://www.lazada.com.ph/products/pdp-i4645240485.html,https://img.lazcdn.com/g/p/a86909b43a4b9616a12ef1bac162c222.jpg_200x200q80.jpg,hghmnds,20260816_012848,175,sold_lifetime,False,True,HGHMNDS CLO. - Go North,True,T-Shirt
Lazada,1492714459,HGHMNDS ONLINE - FREEDOM T-SHIRT,,800.0,,,,,3900.0,,1231,,,,,,,,,https://www.lazada.com.ph/products/pdp-i1492714459.html,https://img.lazcdn.com/g/p/21ca9f6269bd4ef7eaecf6a793756484.jpg_200x200q80.jpg,hghmnds,20260816_012848,3900,sold_lifetime,False,True,HGHMNDS ONLINE - FREEDOM T-SHIRT,True,T-Shirt
Lazada,15440917621,₪LEGIT HIGHMINDS CLOTHING .2026,,192.03,6767.0,97.2,,,8.0,,0,,,,,,,,,https://www.lazada.com.ph/products/pdp-i15440917621.html,https://img.lazcdn.com/g/p/64ec9ffb03bd1fd3f02ff5688ad1cfd0.jpg_200x200q80.jpg,highminds clothing,20260816_012848,8,sold_lifetime,True,False,₪LEGIT HIGHMINDS CLOTHING .2026,True,T-Shirt
Lazada,4876877463,LEGIT HIGHMINDS CLOTHING “Own The Throne Collection”,,192.03,5252.0,96.3,,,,,0,,,,,,,,,https://www.lazada.com.ph/products/pdp-i4876877463.html,https://img.lazcdn.com/g/p/2c0f4da7771934d8a4d2f6939914925a.jpg_200x200q80.jpg,highminds clothing,20260816_012848,0,sold_lifetime,True,False,LEGIT HIGHMINDS CLOTHING “Own The Throne Collection”,True,T-Shirt
Lazada,1011528366,Sando Tanktop HIghminds Design,,69.0,,,,,1200.0,,172,,,,,,,,,https://www.lazada.com.ph/products/pdp-i1011528366.html,https://img.lazcdn.com/g/p/9c8e615e91e9d0cd795eda842213c7df.jpg_200x200q80.jpg,highminds clothing,20260816_012848,1200,sold_lifetime,True,True,Sando Tanktop HIghminds Design,True,Tanktop
Lazada,4574780726,HGHMNDS ONLINE - STEEL WORKS SHIRT,,192.03,6767.0,97.2,,,23.0,,5,,,,,,,,,https://www.lazada.com.ph/products/pdp-i4574780726.html,https://img.lazcdn.com/g/p/a8a4be6b6eb7db4b1b51124913d649f5.jpg_200x200q80.jpg,highminds clothing,20260816_012848,23,sold_lifetime,True,True,HGHMNDS ONLINE - STEEL WORKS SHIRT,True,T-Shirt
Lazada,4638852914,HGHMNDS CLO. - From Trenches Shirt,,199.75,7373.0,97.3,,,13.0,,2,,,,,,,,,https://www.lazada.com.ph/products/pdp-i4638852914.html,https://img.lazcdn.com/g/p/06a3c25b30ac54285918707712cebb56.jpg_200x200q80.jpg,highminds clothing,20260816_012848,13,sold_lifetime,True,True,HGHMNDS CLO. - From Trenches Shirt,True,T-Shirt
Lazada,3660744522,1 Men T-Shirt Cotton Casual Graphic,,199.75,6767.0,97.0,,,77.0,,25,,,,,,,,,https://www.lazada.com.ph/products/pdp-i3660744522.html,https://img.lazcdn.com/g/p/c6bd4657dccc4f16799c0f1da187e18e.jpg_200x200q80.jpg,highminds clothing,20260816_012848,77,sold_lifetime,True,True,1 Men T-Shirt Cotton Casual Graphic,False,T-Shirt
Lazada,4694144206,HGHMNDS CLO. - STEEL WORKS，,,199.75,7777.0,97.4,,,178.0,,114,,,,,,,,,https://www.lazada.com.ph/products/pdp-i4694144206.html,https://img.lazcdn.com/g/p/42bad4101fec87aaabd4e5c5dd9ea9f4.jpg_200x200q80.jpg,highminds clothing,20260816_012848,178,sold_lifetime,True,True,HGHMNDS CLO. - STEEL WORKS，,True,T-Shirt
Lazada,4574828612,HGHMNDS ONLINE - SKILLS SHIRT,,207.0,5959.0,96.5,,,15.0,,7,,,,,,,,,https://www.lazada.com.ph/products/pdp-i4574828612.html,https://img.lazcdn.com/g/p/ca33c344d995b665d21c179a0542e00c.jpg_200x200q80.jpg,highminds clothing,20260816_012848,15,sold_lifetime,True,True,HGHMNDS ONLINE - SKILLS SHIRT,True,T-Shirt
Lazada,5392760636,HGHMNDS CLO. - KALM KORNER t shirt,,192.03,6868.0,97.2,,,,,0,,,,,,,,,https://www.lazada.com.ph/products/pdp-i5392760636.html,https://img.lazcdn.com/g/p/6bd27f05167bb73deb37b479f9be26b0.jpg_200x200q80.jpg,highminds clothing,20260816_012848,0,sold_lifetime,True,False,HGHMNDS CLO. - KALM KORNER t shirt,True,T-Shirt
Lazada,3212239550,HGHMNDS - DECLINE,,800.0,,,,,2000.0,,495,,,,,,,,,https://www.lazada.com.ph/products/pdp-i3212239550.html,https://img.lazcdn.com/g/p/2ee60723d742dd0f660de0b4e31a299c.png_200x200q80.png,highminds clothing,20260816_012848,2000,sold_lifetime,False,True,HGHMNDS - DECLINE,True,T-Shirt
Lazada,5141470804,HGHMNDS ONLINE - DECLINE SHIRT,,192.03,6262.0,96.9,,,35.0,,20,,,,,,,,,https://www.lazada.com.ph/products/pdp-i5141470804.html,https://img.lazcdn.com/g/p/b809953ccbab935c1af93b18e32dec74.jpg_200x200q80.jpg,highminds clothing,20260816_012848,35,sold_lifetime,True,True,HGHMNDS ONLINE - DECLINE SHIRT,True,T-Shirt
Lazada,4670494418,HGHMNDS ONLINE - CHEF GELATO SHIRT,,199.75,6767.0,97.0,,,,,0,,,,,,,,,https://www.lazada.com.ph/products/pdp-i4670494418.html,https://img.lazcdn.com/g/p/0c8cb262bd97353c87aa3e332330dbf5.jpg_200x200q80.jpg,highminds clothing,20260816_012848,0,sold_lifetime,True,False,HGHMNDS ONLINE - CHEF GELATO SHIRT,True,T-Shirt
Lazada,3378007011,HGHMNDS ONLINE - MANIFEST SHIRT,,800.0,,,,,1500.0,,463,,,,,,,,,https://www.lazada.com.ph/products/pdp-i3378007011.html,https://img.lazcdn.com/g/p/38fdfa9f65bfcfc0d2e009164fe338e4.jpg_200x200q80.jpg,highminds clothing,20260816_012848,1500,sold_lifetime,False,True,HGHMNDS ONLINE - MANIFEST SHIRT,True,T-Shirt
Lazada,4444746813,HGHMNDS CLO. - Shot Maker,,750.0,,,,,167.0,,57,,,,,,,,,https://www.lazada.com.ph/products/pdp-i4444746813.html,https://img.lazcdn.com/g/p/3a01de2717c9ad2578c09634ede2c41a.jpg_200x200q80.jpg,highminds clothing,20260816_012848,167,sold_lifetime,False,True,HGHMNDS CLO. - Shot Maker,True,T-Shirt
Lazada,5145795227,HGHMNDS CLO. - Daruma Shirt .2025,,192.03,7474.0,97.4,,,,,2,,,,,,,,,https://www.lazada.com.ph/products/pdp-i5145795227.html,https://img.lazcdn.com/g/p/b5c2440c6f873930e773776676b2cccc.jpg_200x200q80.jpg,highminds clothing,20260816_012848,0,sold_lifetime,True,True,HGHMNDS CLO. - Daruma Shirt .2025,True,T-Shirt
Lazada,4638741776,HGHMNDS CLO. - Vessel,,207.0,7272.0,97.2,,,,,0,,,,,,,,,https://www.lazada.com.ph/products/pdp-i4638741776.html,https://img.lazcdn.com/g/p/1c035512acfc00d256125e1ba822a32d.jpg_200x200q80.jpg,highminds clothing,20260816_012848,0,sold_lifetime,True,False,HGHMNDS CLO. - Vessel,True,T-Shirt
Lazada,5309116792,HGHMNDS CLO. - Own And Grow Shirt..、,,192.03,5151.0,96.3,,,27.0,,13,,,,,,,,,https://www.lazada.com.ph/products/pdp-i5309116792.html,https://img.lazcdn.com/g/p/05d0fd0dce5e6f55a5253a701f7ce811.jpg_200x200q80.jpg,highminds clothing,20260816_012848,27,sold_lifetime,True,True,HGHMNDS CLO. - Own And Grow Shirt..、,True,T-Shirt
Lazada,4325923439,HGHMNDS- Soul Scale,,750.0,,,,,428.0,,164,,,,,,,,,https://www.lazada.com.ph/products/pdp-i4325923439.html,https://img.lazcdn.com/g/p/9f0bf3b010be55133d6779ebb57b08a0.jpg_200x200q80.jpg,highminds clothing,20260816_012848,428,sold_lifetime,False,True,HGHMNDS- Soul Scale,True,T-Shirt
Lazada,4583284428,HGHMNDS CLO. - Burn Rubber,,750.0,,,,,120.0,,44,,,,,,,,,https://www.lazada.com.ph/products/pdp-i4583284428.html,https://img.lazcdn.com/g/p/40d0deaab3ade9fdb0a7d99230b1aee3.jpg_200x200q80.jpg,highminds clothing,20260816_012848,120,sold_lifetime,False,True,HGHMNDS CLO. - Burn Rubber,True,T-Shirt
Lazada,5205136175,HGHMNDS CLO. - Never,,192.03,6464.0,97.0,,,,,0,,,,,,,,,https://www.lazada.com.ph/products/pdp-i5205136175.html,https://img.lazcdn.com/g/p/5651edfe3b095bafe1c2dcf3dbb01744.jpg_200x200q80.jpg,highminds clothing,20260816_012848,0,sold_lifetime,True,False,HGHMNDS CLO. - Never,True,T-Shirt
Lazada,4444741872,HGHMNDS CLO. - Home Team,,750.0,,,,,340.0,,133,,,,,,,,,https://www.lazada.com.ph/products/pdp-i4444741872.html,https://img.lazcdn.com/g/p/a79bda1b900b74e8c47f100d69a582c4.jpg_200x200q80.jpg,highminds clothing,20260816_012848,340,sold_lifetime,False,True,HGHMNDS CLO. - Home Team,True,T-Shirt
Lazada,4846187308,HGHMNDS CLO. - GAS STEPPERS LONG SLEEVES,,900.0,,,,,143.0,,61,,,,,,,,,https://www.lazada.com.ph/products/pdp-i4846187308.html,https://img.lazcdn.com/g/p/d32fe39bcf6759c9467d2fafe20751a7.png_200x200q80.png,highminds clothing,20260816_012848,143,sold_lifetime,False,True,HGHMNDS CLO. - GAS STEPPERS LONG SLEEVES,True,Longsleeves
Lazada,3327978007,HGHMNDS - MILLIONS,,750.0,,,,,1300.0,,370,,,,,,,,,https://www.lazada.com.ph/products/pdp-i3327978007.html,https://img.lazcdn.com/g/p/9fe7641688a9d5c2d89026693901d315.jpg_200x200q80.jpg,highminds clothing,20260816_012848,1300,sold_lifetime,False,True,HGHMNDS - MILLIONS,True,T-Shirt
Lazada,15484160250,HGHMNDS ONLINE - WARPED OVAL SHIRT,,800.0,,,,,,,1,,,,,,,,,https://www.lazada.com.ph/products/pdp-i15484160250.html,https://img.lazcdn.com/g/p/9d5f7d3c29d255b2c010bd94eae4d9b2.jpg_200x200q80.jpg,highminds clothing,20260816_012848,0,sold_lifetime,False,True,HGHMNDS ONLINE - WARPED OVAL SHIRT,True,T-Shirt
Lazada,3327361649,HGHMNDS - NEVER,,800.0,,,,,1500.0,,393,,,,,,,,,https://www.lazada.com.ph/products/pdp-i3327361649.html,https://img.lazcdn.com/g/p/a3acc5b4b76a892f782b7cbec74bb55b.png_200x200q80.png,highminds clothing,20260816_012848,1500,sold_lifetime,False,True,HGHMNDS - NEVER,True,T-Shirt
Lazada,2342518525,HGHMNDS - RAGING SKULL,,800.0,,,,,3400.0,,850,,,,,,,,,https://www.lazada.com.ph/products/pdp-i2342518525.html,https://img.lazcdn.com/g/p/553fc77b9c8fc2505303adab2c687817.png_200x200q80.png,highminds clothing,20260816_012848,3400,sold_lifetime,False,True,HGHMNDS - RAGING SKULL,True,T-Shirt
Lazada,15483963117,HGHMNDS ONLINE - SIGN SIGNALS SHIRT,,800.0,,,,,22.0,,9,,,,,,,,,https://www.lazada.com.ph/products/pdp-i15483963117.html,https://img.lazcdn.com/g/p/0de0753e82945b1f86ba4f6a3e3be3cb.jpg_200x200q80.jpg,highminds clothing,20260816_012848,22,sold_lifetime,False,True,HGHMNDS ONLINE - SIGN SIGNALS SHIRT,True,T-Shirt
Lazada,15553339344,HGHMNDS ONLINE - BACKBREAKER,,800.0,,,,,10.0,,6,,,,,,,,,https://www.lazada.com.ph/products/pdp-i15553339344.html,https://img.lazcdn.com/g/p/776b75b5476f2c4a4fb2b8a20a7b2b36.jpg_200x200q80.jpg,highminds clothing,20260816_012848,10,sold_lifetime,False,True,HGHMNDS ONLINE - BACKBREAKER,True,T-Shirt
Lazada,3212331835,HGHMNDS - PERCEPTION,,800.0,,,,,2200.0,,513,,,,,,,,,https://www.lazada.com.ph/products/pdp-i3212331835.html,https://img.lazcdn.com/g/p/dc1b37c5a6dd474a2fb5dcfbb993fd7d.png_200x200q80.png,highminds clothing,20260816_012848,2200,sold_lifetime,False,True,HGHMNDS - PERCEPTION,True,T-Shirt
Lazada,3558442053,Legit High Minds Clothing X Nick Automatic Collaboration Shirt,,199.0,6060.0,96.7,,,,,0,,,,,,,,,https://www.lazada.com.ph/products/pdp-i3558442053.html,https://img.lazcdn.com/g/p/78be4abfbddacf7d49275783dca6895b.jpg_200x200q80.jpg,high minds clothing,20260816_012848,0,sold_lifetime,True,False,Legit High Minds Clothing X Nick Automatic Collaboration Shirt,True,T-Shirt
Lazada,2345368724,HIGH MINDS Logo Shirt,,100.0,,,,,8.0,,0,,,,,,,,,https://www.lazada.com.ph/products/pdp-i2345368724.html,https://img.lazcdn.com/g/p/49ea4738553958394425aa1ef4082ffb.jpg_200x200q80.jpg,high minds clothing,20260816_012848,8,sold_lifetime,True,False,HIGH MINDS Logo Shirt,True,T-Shirt
Lazada,2003173019,HIGH MINDS SHIRT,,320.0,,,,,6.0,,0,,,,,,,,,https://www.lazada.com.ph/products/pdp-i2003173019.html,https://img.lazcdn.com/g/ff/kf/S85ac57a421ee4ef39feb9f8f996a9197K.jpg_200x200q80.jpg,high minds clothing,20260816_012848,6,sold_lifetime,False,False,HIGH MINDS SHIRT,True,T-Shirt
Lazada,2706587938,HIGH MINDS T-SHIRTS WITH FREE STICKER,,207.0,4848.0,95.7,,,9.0,,1,,,,,,,,,https://www.lazada.com.ph/products/pdp-i2706587938.html,https://img.lazcdn.com/g/p/b72fa9cddd29ce8f583ae8d35d8db8ad.jpg_200x200q80.jpg,high minds clothing,20260816_012848,9,sold_lifetime,True,True,HIGH MINDS T-SHIRTS WITH FREE STICKER,True,Accessories
Lazada,4940615654,HGHMNDS ONLINE - MANIFEST cotton Tshirt For man and females,,185.0,3838.0,95.2,,,,,0,,,,,,,,,https://www.lazada.com.ph/products/pdp-i4940615654.html,https://img.lazcdn.com/g/p/b8742442fe5707d13f0c73c92582d081.jpg_200x200q80.jpg,high minds clothing,20260816_012848,0,sold_lifetime,True,False,HGHMNDS ONLINE - MANIFEST cotton Tshirt For man and females,True,T-Shirt
Lazada,5365520636,HIGHMINDS CLOTHING V4 INSPIRED OVERSIZED TSHIRT DESIGN Men's Tops - T-shirts Menswear Print .2026,,192.03,7070.0,97.3,,,,,0,,,,,,,,,https://www.lazada.com.ph/products/pdp-i5365520636.html,https://img.lazcdn.com/g/p/06f3fd96eeb040180db1f0a4952013ea.jpg_200x200q80.jpg,high minds clothing,20260816_012848,0,sold_lifetime,True,False,HIGHMINDS CLOTHING V4 INSPIRED OVERSIZED TSHIRT DESIGN Men's Tops - T-shirts Menswear Print .2026,True,T-Shirt
Lazada,5170974393,HGHMNDS - CLASSICO (RED),,208.0,6565.0,96.8,,,,,0,,,,,,,,,https://www.lazada.com.ph/products/pdp-i5170974393.html,https://img.lazcdn.com/g/p/4243541031a5b94042211b8a4eb12fa5.png_200x200q80.png,high minds clothing,20260816_012848,0,sold_lifetime,True,False,HGHMNDS - CLASSICO (RED),True,T-Shirt
Lazada,5041732809,HGHMNDS CLO. - SPICY JULIO SHIRT,,750.0,,,,,140.0,,47,,,,,,,,,https://www.lazada.com.ph/products/pdp-i5041732809.html,https://img.lazcdn.com/g/p/7b8fa19383e807844498d9731496950a.jpg_200x200q80.jpg,high minds clothing,20260816_012848,140,sold_lifetime,False,True,HGHMNDS CLO. - SPICY JULIO SHIRT,True,T-Shirt
Lazada,4467099914,HGHMNDS CLO. - BLISSFUL,,199.75,7878.0,97.5,,,35.0,,10,,,,,,,,,https://www.lazada.com.ph/products/pdp-i4467099914.html,https://img.lazcdn.com/g/p/04b3ac4ab345d11947b127452a85cea5.jpg_200x200q80.jpg,high minds clothing,20260816_012848,35,sold_lifetime,True,True,HGHMNDS CLO. - BLISSFUL,True,T-Shirt
Lazada,4142696270,HGHMNDS - Built,,800.0,,,,,481.0,,206,,,,,,,,,https://www.lazada.com.ph/products/pdp-i4142696270.html,https://img.lazcdn.com/g/p/b5d6ab68daefe81c6efd33834573f58d.jpg_200x200q80.jpg,high minds clothing,20260816_012848,481,sold_lifetime,False,True,HGHMNDS - Built,True,T-Shirt
Lazada,15554186111,HGHMNDS ONLINE - MIDDLE HITTER SHIRT,,850.0,,,,,7.0,,1,,,,,,,,,https://www.lazada.com.ph/products/pdp-i15554186111.html,https://img.lazcdn.com/g/p/a9e91654c2443dea9312ee206b665370.jpg_200x200q80.jpg,high minds clothing,20260816_012848,7,sold_lifetime,False,True,HGHMNDS ONLINE - MIDDLE HITTER SHIRT,True,T-Shirt
Lazada,15389385881,HIGHMINDS CLOTHING V3 INSPIRED OVERSIZED TSHIRT DESIGN Men's Tops - T-shirts Menswear Print .C,,192.03,7777.0,97.5,,,,,0,,,,,,,,,https://www.lazada.com.ph/products/pdp-i15389385881.html,https://img.lazcdn.com/g/p/fb0585c436b230074e7bc7db24a79b24.jpg_200x200q80.jpg,high minds clothing,20260816_012848,0,sold_lifetime,True,False,HIGHMINDS CLOTHING V3 INSPIRED OVERSIZED TSHIRT DESIGN Men's Tops - T-shirts Menswear Print .C,True,T-Shirt
Lazada,4468867338,HGHMNDS CLO. - Wave Wanderer Shirt,,199.75,7878.0,97.5,,,23.0,,4,,,,,,,,,https://www.lazada.com.ph/products/pdp-i4468867338.html,https://img.lazcdn.com/g/p/5e095d0e5eb51720e8a5cdb00aa92f34.jpg_200x200q80.jpg,high minds clothing,20260816_012848,23,sold_lifetime,True,True,HGHMNDS CLO. - Wave Wanderer Shirt,True,T-Shirt
Lazada,4457642717,HGHMNDS CLO. - Millions,,156.0,6969.0,97.8,,,100.0,,16,,,,,,,,,https://www.lazada.com.ph/products/pdp-i4457642717.html,https://img.lazcdn.com/g/p/de5c85b8605a88e62e1bc629d54ef420.jpg_200x200q80.jpg,high minds clothing,20260816_012848,100,sold_lifetime,True,True,HGHMNDS CLO. - Millions,True,T-Shirt
Lazada,15389371957,HIGHMINDS CLOTHING V2 INSPIRED OVERSIZED TSHIRT DESIGN Men's Tops - T-shirts Menswear Print .C,,192.03,7777.0,97.5,,,13.0,,4,,,,,,,,,https://www.lazada.com.ph/products/pdp-i15389371957.html,https://img.lazcdn.com/g/p/38a7bc30ca215372ce4170b357097b4b.jpg_200x200q80.jpg,high minds clothing,20260816_012848,13,sold_lifetime,True,True,HIGHMINDS CLOTHING V2 INSPIRED OVERSIZED TSHIRT DESIGN Men's Tops - T-shirts Menswear Print .C,True,T-Shirt
Lazada,15389465328,HIGHMINDS CLOTHING V7 INSPIRED OVERSIZED TSHIRT DESIGN Men's Tops - T-shirts Menswear Print .C,,192.03,7777.0,97.5,,,,,2,,,,,,,,,https://www.lazada.com.ph/products/pdp-i15389465328.html,https://img.lazcdn.com/g/p/d32dda1ac467f222dde221d27e74bb9a.jpg_200x200q80.jpg,high minds clothing,20260816_012848,0,sold_lifetime,True,True,HIGHMINDS CLOTHING V7 INSPIRED OVERSIZED TSHIRT DESIGN Men's Tops - T-shirts Menswear Print .C,True,T-Shirt
Lazada,5120939019,HGHMNDS CLO. - MANIFEST .2025,,199.75,6767.0,97.0,,,19.0,,5,,,,,,,,,https://www.lazada.com.ph/products/pdp-i5120939019.html,https://img.lazcdn.com/g/p/fb0065619cfa2074f3e8e12ef6a7695c.jpg_200x200q80.jpg,high minds clothing,20260816_012848,19,sold_lifetime,True,True,HGHMNDS CLO. - MANIFEST .2025,True,T-Shirt
Lazada,15389453399,HIGHMINDS CLOTHING V1 INSPIRED OVERSIZED TSHIRT DESIGN Men's Tops - T-shirts Menswear Print .C,,192.03,7777.0,97.5,,,,,0,,,,,,,,,https://www.lazada.com.ph/products/pdp-i15389453399.html,https://img.lazcdn.com/g/p/1002a9f45ca05fea92ac9d23dc301665.jpg_200x200q80.jpg,high minds clothing,20260816_012848,0,sold_lifetime,True,False,HIGHMINDS CLOTHING V1 INSPIRED OVERSIZED TSHIRT DESIGN Men's Tops - T-shirts Menswear Print .C,True,T-Shirt
Lazada,15389414488,HIGHMINDS CLOTHING V5 INSPIRED OVERSIZED TSHIRT DESIGN Men's Tops - T-shirts Menswear Print .C,,192.03,7777.0,97.5,,,7.0,,1,,,,,,,,,https://www.lazada.com.ph/products/pdp-i15389414488.html,https://img.lazcdn.com/g/p/5f7c01ea03d68dc715473ae0ba88087f.jpg_200x200q80.jpg,high minds clothing,20260816_012848,7,sold_lifetime,True,True,HIGHMINDS CLOTHING V5 INSPIRED OVERSIZED TSHIRT DESIGN Men's Tops - T-shirts Menswear Print .C,True,T-Shirt
Lazada,5365528624,HIGHMINDS CLOTHING V5 INSPIRED OVERSIZED TSHIRT DESIGN Men's Tops - T-shirts Menswear Print .2026,,192.03,7070.0,97.3,,,,,0,,,,,,,,,https://www.lazada.com.ph/products/pdp-i5365528624.html,https://img.lazcdn.com/g/p/5f7c01ea03d68dc715473ae0ba88087f.jpg_200x200q80.jpg,high minds clothing,20260816_012848,0,sold_lifetime,True,False,HIGHMINDS CLOTHING V5 INSPIRED OVERSIZED TSHIRT DESIGN Men's Tops - T-shirts Menswear Print .2026,True,T-Shirt
Lazada,4983148108,HGHMNDS CLO. - MIND WANDERER,,750.0,,,,,68.0,,19,,,,,,,,,https://www.lazada.com.ph/products/pdp-i4983148108.html,https://img.lazcdn.com/g/p/a1d54eb28542ffb986aae9b25c39d944.jpg_200x200q80.jpg,high minds clothing,20260816_012848,68,sold_lifetime,False,True,HGHMNDS CLO. - MIND WANDERER,True,T-Shirt
Lazada,5141350601,HIGHMINDS INSPIRED V1 OVERSIZED SHIRTS Menswear Top,,199.0,6161.0,96.8,,,9.0,,2,,,,,,,,,https://www.lazada.com.ph/products/pdp-i5141350601.html,https://img.lazcdn.com/g/p/4df0e1c911d0e848e5094240d85b6819.jpg_200x200q80.jpg,high minds clothing,20260816_012848,9,sold_lifetime,True,True,HIGHMINDS INSPIRED V1 OVERSIZED SHIRTS Menswear Top,True,T-Shirt
Lazada,5205129245,HGHMNDS CLO. - MANIFEST,,192.03,6464.0,97.0,,,6.0,,0,,,,,,,,,https://www.lazada.com.ph/products/pdp-i5205129245.html,https://img.lazcdn.com/g/p/fb0065619cfa2074f3e8e12ef6a7695c.jpg_200x200q80.jpg,high minds clothing,20260816_012848,6,sold_lifetime,True,False,HGHMNDS CLO. - MANIFEST,True,T-Shirt
Lazada,3377867713,HGHMNDS ONLINE - PRESTIGE SHIRT,,750.0,,,,,1100.0,,337,,,,,,,,,https://www.lazada.com.ph/products/pdp-i3377867713.html,https://img.lazcdn.com/g/p/7d8ccc9ca70242ff4884591eb184cb6f.jpg_200x200q80.jpg,high minds clothing,20260816_012848,1100,sold_lifetime,False,True,HGHMNDS ONLINE - PRESTIGE SHIRT,True,T-Shirt
Lazada,5365558617,HIGHMINDS CLOTHING V3 INSPIRED OVERSIZED TSHIRT DESIGN Men's Tops - T-shirts Menswear Print .2026,,192.03,7070.0,97.3,,,5.0,,0,,,,,,,,,https://www.lazada.com.ph/products/pdp-i5365558617.html,https://img.lazcdn.com/g/p/fb0585c436b230074e7bc7db24a79b24.jpg_200x200q80.jpg,high minds clothing,20260816_012848,5,sold_lifetime,True,False,HIGHMINDS CLOTHING V3 INSPIRED OVERSIZED TSHIRT DESIGN Men's Tops - T-shirts Menswear Print .2026,True,T-Shirt
Lazada,5365594644,HIGHMINDS CLOTHING V6 INSPIRED OVERSIZED TSHIRT DESIGN Men's Tops .2026,,199.0,6969.0,97.1,,,,,1,,,,,,,,,https://www.lazada.com.ph/products/pdp-i5365594644.html,https://img.lazcdn.com/g/p/582d763587199b90c1c26736c41d689b.jpg_200x200q80.jpg,high minds clothing,20260816_012848,0,sold_lifetime,True,True,HIGHMINDS CLOTHING V6 INSPIRED OVERSIZED TSHIRT DESIGN Men's Tops .2026,True,T-Shirt
Lazada,4820119144,HGHMNDS CLO. - KALMADO OUT OF BODY,,199.75,7373.0,97.3,,,6.0,,1,,,,,,,,,https://www.lazada.com.ph/products/pdp-i4820119144.html,https://img.lazcdn.com/g/p/85b2e44ab52c47f0703302aae50ada5d.jpg_200x200q80.jpg,high minds clothing,20260816_012848,6,sold_lifetime,True,True,HGHMNDS CLO. - KALMADO OUT OF BODY,True,T-Shirt
Lazada,3435300663,HGHMNDS - BARCODE,,800.0,,,,,977.0,,318,,,,,,,,,https://www.lazada.com.ph/products/pdp-i3435300663.html,https://img.lazcdn.com/g/p/4bc0da412c94c050f540f853afc68284.png_200x200q80.png,high minds clothing,20260816_012848,977,sold_lifetime,False,True,HGHMNDS - BARCODE,True,T-Shirt
