platform,item_id,product_name,rating,review_text,buyer_name,date,review_length,is_substantive
Lazada,2156666538,HGHMNDS - DIAGRAM,5,good shit hnd sayang perang binayad🔥,********443,2022-02-26,36,True
Lazada,2156666538,HGHMNDS - DIAGRAM,5,"What you see is what you get! 
Satisfied costumer here 👋
Good quality and nice design
I'll order again soon 
Thanks for the stickers",Kurt A.,2022-11-22,132,True
Lazada,2156666538,HGHMNDS - DIAGRAM,5,"Angas nakuha ko ng sale, sulit na sulit tong tee sana pala umorder pa ko, pero oorder pa talagako for sure. mabilis lang delivery. walang damage item",Z***y,2022-07-09,149,True
Lazada,2156666538,HGHMNDS - DIAGRAM,5,As always kalmado lang dahil for sure solid,J***.,2022-03-12,43,True
Lazada,2156666538,HGHMNDS - DIAGRAM,5,SMOOOTHH NA SMOOOTHH TALAGA OMAR HAHAHAHAHAHAAHAH APAKA SOLIDD!! BALIW NA BALIWWWW!!!,K***.,2022-08-30,85,True
Lazada,2156666538,HGHMNDS - DIAGRAM,5,solid omar baliw bibili pa ako ibang disign bili na kayo di sayang pangbibili nyo dito,J***.,2022-08-25,86,True
Lazada,2156666538,HGHMNDS - DIAGRAM,5,Omar Baliw po alam niyo na hahahahahahahahahahahahahahaahauauahahahahhahahahaahahahhaah,J***.,2022-07-02,87,True
Lazada,2156666538,HGHMNDS - DIAGRAM,5,Super ganda nagustohan ng asawa ko. Hindi ko na lang napicturan kase nagmamadali na. Ksnsjsjksjensjnsjsjdjdhdjdjdjjdjdjdjdjjdjddhdjdjjdjdjdjdj,S***e,2022-01-04,142,True
Lazada,2156666538,HGHMNDS - DIAGRAM,5,Solid🔥,0***1,2022-07-02,6,False
Lazada,2156666538,HGHMNDS - DIAGRAM,5,complete order delivered… item received in good condition… item shipped immediately… will order again…,M***.,2021-08-16,102,True
Lazada,2156666538,HGHMNDS - DIAGRAM,5,"Got my item! Talagang napaka solid boss omar, highly recommend talaga. Tell a friend nga naman",ShutUpAndTakeMyMoney,2021-11-19,94,True
Lazada,2156666538,HGHMNDS - DIAGRAM,5,"Comfortable and breathable fabric, Durable and long-lasting, High-quality materials used, Unique and stylish design, Great value for money,",Rose,2025-02-05,139,True
Lazada,2156666538,HGHMNDS - DIAGRAM,5,"This is me praying that
This was the very first page
Not where the story line ends
My thoughts will echo your name, until I see you again
These are the words I held back, as I was leaving too soon
I was enchanted to meet you
Please don't be in love with someone else
Please don't have somebody waiting on you
Please don't be in love with someone else
Please don't have somebody waiting on you",C***.,2021-11-28,392,True
Lazada,2156666538,HGHMNDS - DIAGRAM,5,Legit 👌.......................................................           .....................,P***.,2021-08-01,94,True
Lazada,2156666538,HGHMNDS - DIAGRAM,5,superr nicee👌👌,Marliesha P.,2021-11-02,14,False
Lazada,2156666538,HGHMNDS - DIAGRAM,5,gsjsjsn ddndsaamsbndndmdsmwns xnxnjxksams z zmmamz x  smamamz snmam sm$mama znzmmama zh,Michael,2023-12-07,87,True
Lazada,2156666538,HGHMNDS - DIAGRAM,5,SOLID 💯💣,Regina R.,2021-08-21,8,False
Lazada,2156666538,HGHMNDS - DIAGRAM,5,"Trendy and fashionable, Perfect fit for all body types,",gm.perzz,2025-08-21,55,True
Lazada,2156666538,HGHMNDS - DIAGRAM,5,THANKYOU THANKYOU THANKYOU THANKYOU THANKYOU THANKYOU THANKYOU THANKYOU THANKYOU THANKYOU THANKYOU THANKYOU THANKYOU THANKYOU THANKYOU THANKYOU THANKYOU THANKYOU THANKYOU THANKYOU THANKYOU THANKYOU THANKYOU THANKYOU,M***.,2021-08-04,215,True
Lazada,2156666538,HGHMNDS - DIAGRAM,5,"ang gandaaa, bilis din dumatinggg<3",Rmzmntha G.,2021-09-16,35,True
Lazada,2156666538,HGHMNDS - DIAGRAM,5,"Yes, i.",b***d,2021-10-07,7,False
Lazada,2156666538,HGHMNDS - DIAGRAM,5,hahahahahahhahahhaahhahahahahahahahahaha hahahahahahhahahhaahhahahahahahahahahaha hahahahahahhahahhaahhahahahahahahahahahahahahahahahhahahhaahhahahahahahahahahaha,j***.,2022-02-23,162,True
Lazada,2156666538,HGHMNDS - DIAGRAM,5,Napaka angas! ganda ng tela goods na goods din yung print bilis pa dumating next time ulit😁,9***5,2022-06-17,91,True
Lazada,2156666538,HGHMNDS - DIAGRAM,5,all goods in a hood,P***.,2022-07-30,19,False
Lazada,2156666538,HGHMNDS - DIAGRAM,5,thank you for quality froducts,Tikboy E.,2023-03-21,30,True
Lazada,2156666538,HGHMNDS - DIAGRAM,5,Solid!!!,0***9,2021-07-17,8,False
Lazada,2156666538,HGHMNDS - DIAGRAM,5,solid‼️🔥,jeric T.,2022-03-01,8,False
Lazada,2156666538,HGHMNDS - DIAGRAM,5,"Material:good makapal
 Size:tama ang size
 Design:nice for me
salamat highminds hehehe wala ba tayung design ng sticker jan hehehe. sa uulitin.",Jose,2023-10-23,143,True
Lazada,2156666538,HGHMNDS - DIAGRAM,5,jjis jsjs jjwjwjwjw iwbwhah jabwbwjw jwjwbw hwjwjjwja jwjajhaha jajwb s sosnwbjww jwhw w iwbw wb in whw wiw wiw wjw jw wjz sh d cjd cic djd die d jd ejs s msj dieb wjd dhshsjshshw,Ica C.,2021-12-13,179,True
Lazada,2156666538,HGHMNDS - DIAGRAM,5,nakaka 10 na kong hghmnds baka naman boss omar baliw HAHAHAHAHA papasko lang kahit 1 tshirt hehe,R***o,2023-11-17,96,True
Lazada,2156666538,HGHMNDS - DIAGRAM,5,napaka solid netoo!!!🔥,Jonard A.,2021-11-22,22,True
Lazada,2156666538,HGHMNDS - DIAGRAM,5,salamat goods na goods,9***4,2021-11-04,22,True
Lazada,2156666538,HGHMNDS - DIAGRAM,5,Solid Boss omar B 🔥,Hayn D.,2021-11-02,19,False
Lazada,2156666538,HGHMNDS - DIAGRAM,5,"solid🔥 ganda ng tela, mabilis dumating and responsive din si seller👍👍",A***e,2023-11-18,69,True
Lazada,2156666538,HGHMNDS - DIAGRAM,5,yes i. Sulit na sulit,Renz K.,2022-02-27,21,True
Lazada,2156666538,HGHMNDS - DIAGRAM,5,solid ka talaga omar!!,j***s,2022-09-29,22,True
Lazada,2156666538,HGHMNDS - DIAGRAM,5,ganda ssob,Martin L.,2022-07-05,10,False
Lazada,2156666538,HGHMNDS - DIAGRAM,5,solid boss omar b!,********908,2022-08-31,18,False
Lazada,2156666538,HGHMNDS - DIAGRAM,5,super ganda nya thankyou po❤😍,Delyn A.,2023-01-06,29,True
Lazada,2156666538,HGHMNDS - DIAGRAM,5,Goods na goods. ❤️❤️❤️❤️❤️❤️❤️❤️❤️❤️❤️Goods na goods. ❤️❤️❤️❤️❤️❤️❤️❤️❤️❤️❤️Goods na goods. ❤️❤️❤️❤️❤️❤️❤️❤️❤️❤️❤️,A***.,2022-11-16,114,True
Lazada,2156666538,HGHMNDS - DIAGRAM,5,walang pa sticker ngayon? pero good padin walang pag babago 🔥,Jomar I.,2023-01-19,61,True
Lazada,2156666538,HGHMNDS - DIAGRAM,5,"goods ang size large para sa mga 5'5-5-7 apaka solid ng design tas tela nila, worth it na worth it talaga kaya pa budol na rin kayu",0***7,2023-03-09,131,True
Lazada,2156666538,HGHMNDS - DIAGRAM,5,Goods na Goods. thank you seller.,Bayron M.,2022-10-12,33,True
Lazada,2156666538,HGHMNDS - DIAGRAM,5,Ganda grabi,Albert C.,2022-08-01,11,False
Lazada,2156666538,HGHMNDS - DIAGRAM,5,Fast Delivery. Fits perfectly. Fast Delivery. Fits perfectly. Fast Delivery. Fits perfectly.,M***.,2023-01-10,92,True
Lazada,2156666538,HGHMNDS - DIAGRAM,5,"Pagkatapos by OMAR BALIW
kanya-kanyang pasanin, kanya-kanyang aray
iba’t-ibang bagahe, iba’t-ibang sakay
iba’t-ibang hangarin, dasal sana palarin
at kung hindi mo kikilusan yan, wala rin
merong patibong, ang misyon nila harangin
ang oras mo sayangin at ikaw ay pabagalin
sagada ng pasensya, dito pisi pahabaan
sulit bawat oras kase buhay pasarapan
first hand naranasan, on the spot kong nalasahan
salamat lang isasagot pag ika’y napasahan
ugh, pagkatapos ng lahat
pagkatapos madapa, pagpag tuhod, m",9***4,2022-02-22,498,True
Lazada,2156666538,HGHMNDS - DIAGRAM,5,solid as always🫶🏿hhhhhhhhhggggggggghghhhhhhhgghhhhhgggggggggggggghhhhhhhhhhh,9***6,2022-08-25,76,True
Lazada,2156666538,HGHMNDS - DIAGRAM,5,Thank you!!❤️,Katrina C.,2022-07-05,13,False
Lazada,2156666538,HGHMNDS - DIAGRAM,5,at always it deserve a fibe star,Mark B.,2022-12-13,32,True
Lazada,2156666538,HGHMNDS - DIAGRAM,5,wala ng sitcker 🥺,Tmmy V.,2022-12-28,17,False
