platform,item_id,product_name_clean,category_derived,price,original_price,discount_pct,sold_final,sold_source,rating_avg,review_count,has_ratings,is_suspicious,is_authentic,seller_name,url,image_url
Lazada,15440917621,₪LEGIT HIGHMINDS CLOTHING .2026,T-Shirt,192.03,6767.0,97.2,8,sold_lifetime,,0,False,True,True,,https://www.lazada.com.ph/products/pdp-i15440917621.html,https://img.lazcdn.com/g/p/64ec9ffb03bd1fd3f02ff5688ad1cfd0.jpg_200x200q80.jpg
Lazada,4876877463,LEGIT HIGHMINDS CLOTHING “Own The Throne Collection”,T-Shirt,192.03,5252.0,96.3,0,sold_lifetime,,0,False,True,True,,https://www.lazada.com.ph/products/pdp-i4876877463.html,https://img.lazcdn.com/g/p/2c0f4da7771934d8a4d2f6939914925a.jpg_200x200q80.jpg
Lazada,1011528366,Sando Tanktop HIghminds Design,Tanktop,69.0,,,1200,sold_lifetime,,172,True,True,True,,https://www.lazada.com.ph/products/pdp-i1011528366.html,https://img.lazcdn.com/g/p/9c8e615e91e9d0cd795eda842213c7df.jpg_200x200q80.jpg
Lazada,4574780726,HGHMNDS ONLINE - STEEL WORKS SHIRT,T-Shirt,192.03,6767.0,97.2,23,sold_lifetime,,5,True,True,True,,https://www.lazada.com.ph/products/pdp-i4574780726.html,https://img.lazcdn.com/g/p/a8a4be6b6eb7db4b1b51124913d649f5.jpg_200x200q80.jpg
Lazada,4638852914,HGHMNDS CLO. - From Trenches Shirt,T-Shirt,199.75,7373.0,97.3,13,sold_lifetime,,2,True,True,True,,https://www.lazada.com.ph/products/pdp-i4638852914.html,https://img.lazcdn.com/g/p/06a3c25b30ac54285918707712cebb56.jpg_200x200q80.jpg
Lazada,3660744522,1 Men T-Shirt Cotton Casual Graphic,T-Shirt,199.75,6767.0,97.0,77,sold_lifetime,,25,True,True,False,,https://www.lazada.com.ph/products/pdp-i3660744522.html,https://img.lazcdn.com/g/p/c6bd4657dccc4f16799c0f1da187e18e.jpg_200x200q80.jpg
Lazada,4694144206,HGHMNDS CLO. - STEEL WORKS，,T-Shirt,199.75,7777.0,97.4,178,sold_lifetime,,114,True,True,True,,https://www.lazada.com.ph/products/pdp-i4694144206.html,https://img.lazcdn.com/g/p/42bad4101fec87aaabd4e5c5dd9ea9f4.jpg_200x200q80.jpg
Lazada,4574828612,HGHMNDS ONLINE - SKILLS SHIRT,T-Shirt,207.0,5959.0,96.5,15,sold_lifetime,,7,True,True,True,,https://www.lazada.com.ph/products/pdp-i4574828612.html,https://img.lazcdn.com/g/p/ca33c344d995b665d21c179a0542e00c.jpg_200x200q80.jpg
Lazada,5392760636,HGHMNDS CLO. - KALM KORNER t shirt,T-Shirt,192.03,6868.0,97.2,0,sold_lifetime,,0,False,True,True,,https://www.lazada.com.ph/products/pdp-i5392760636.html,https://img.lazcdn.com/g/p/6bd27f05167bb73deb37b479f9be26b0.jpg_200x200q80.jpg
Lazada,5141470804,HGHMNDS ONLINE - DECLINE SHIRT,T-Shirt,192.03,6262.0,96.9,35,sold_lifetime,,20,True,True,True,,https://www.lazada.com.ph/products/pdp-i5141470804.html,https://img.lazcdn.com/g/p/b809953ccbab935c1af93b18e32dec74.jpg_200x200q80.jpg
Lazada,4670494418,HGHMNDS ONLINE - CHEF GELATO SHIRT,T-Shirt,199.75,6767.0,97.0,0,sold_lifetime,,0,False,True,True,,https://www.lazada.com.ph/products/pdp-i4670494418.html,https://img.lazcdn.com/g/p/0c8cb262bd97353c87aa3e332330dbf5.jpg_200x200q80.jpg
Lazada,5145795227,HGHMNDS CLO. - Daruma Shirt .2025,T-Shirt,192.03,7474.0,97.4,0,sold_lifetime,,2,True,True,True,,https://www.lazada.com.ph/products/pdp-i5145795227.html,https://img.lazcdn.com/g/p/b5c2440c6f873930e773776676b2cccc.jpg_200x200q80.jpg
Lazada,4638741776,HGHMNDS CLO. - Vessel,T-Shirt,207.0,7272.0,97.2,0,sold_lifetime,,0,False,True,True,,https://www.lazada.com.ph/products/pdp-i4638741776.html,https://img.lazcdn.com/g/p/1c035512acfc00d256125e1ba822a32d.jpg_200x200q80.jpg
Lazada,5309116792,HGHMNDS CLO. - Own And Grow Shirt..、,T-Shirt,192.03,5151.0,96.3,27,sold_lifetime,,13,True,True,True,,https://www.lazada.com.ph/products/pdp-i5309116792.html,https://img.lazcdn.com/g/p/05d0fd0dce5e6f55a5253a701f7ce811.jpg_200x200q80.jpg
Lazada,5205136175,HGHMNDS CLO. - Never,T-Shirt,192.03,6464.0,97.0,0,sold_lifetime,,0,False,True,True,,https://www.lazada.com.ph/products/pdp-i5205136175.html,https://img.lazcdn.com/g/p/5651edfe3b095bafe1c2dcf3dbb01744.jpg_200x200q80.jpg
Lazada,3558442053,Legit High Minds Clothing X Nick Automatic Collaboration Shirt,T-Shirt,199.0,6060.0,96.7,0,sold_lifetime,,0,False,True,True,,https://www.lazada.com.ph/products/pdp-i3558442053.html,https://img.lazcdn.com/g/p/78be4abfbddacf7d49275783dca6895b.jpg_200x200q80.jpg
Lazada,2345368724,HIGH MINDS Logo Shirt,T-Shirt,100.0,,,8,sold_lifetime,,0,False,True,True,,https://www.lazada.com.ph/products/pdp-i2345368724.html,https://img.lazcdn.com/g/p/49ea4738553958394425aa1ef4082ffb.jpg_200x200q80.jpg
Lazada,2706587938,HIGH MINDS T-SHIRTS WITH FREE STICKER,Accessories,207.0,4848.0,95.7,9,sold_lifetime,,1,True,True,True,,https://www.lazada.com.ph/products/pdp-i2706587938.html,https://img.lazcdn.com/g/p/b72fa9cddd29ce8f583ae8d35d8db8ad.jpg_200x200q80.jpg
Lazada,4940615654,HGHMNDS ONLINE - MANIFEST cotton Tshirt For man and females,T-Shirt,185.0,3838.0,95.2,0,sold_lifetime,,0,False,True,True,,https://www.lazada.com.ph/products/pdp-i4940615654.html,https://img.lazcdn.com/g/p/b8742442fe5707d13f0c73c92582d081.jpg_200x200q80.jpg
Lazada,5365520636,HIGHMINDS CLOTHING V4 INSPIRED OVERSIZED TSHIRT DESIGN Men's Tops - T-shirts Menswear Print .2026,T-Shirt,192.03,7070.0,97.3,0,sold_lifetime,,0,False,True,True,,https://www.lazada.com.ph/products/pdp-i5365520636.html,https://img.lazcdn.com/g/p/06f3fd96eeb040180db1f0a4952013ea.jpg_200x200q80.jpg
Lazada,5170974393,HGHMNDS - CLASSICO (RED),T-Shirt,208.0,6565.0,96.8,0,sold_lifetime,,0,False,True,True,,https://www.lazada.com.ph/products/pdp-i5170974393.html,https://img.lazcdn.com/g/p/4243541031a5b94042211b8a4eb12fa5.png_200x200q80.png
Lazada,4467099914,HGHMNDS CLO. - BLISSFUL,T-Shirt,199.75,7878.0,97.5,35,sold_lifetime,,10,True,True,True,,https://www.lazada.com.ph/products/pdp-i4467099914.html,https://img.lazcdn.com/g/p/04b3ac4ab345d11947b127452a85cea5.jpg_200x200q80.jpg
Lazada,15389385881,HIGHMINDS CLOTHING V3 INSPIRED OVERSIZED TSHIRT DESIGN Men's Tops - T-shirts Menswear Print .C,T-Shirt,192.03,7777.0,97.5,0,sold_lifetime,,0,False,True,True,,https://www.lazada.com.ph/products/pdp-i15389385881.html,https://img.lazcdn.com/g/p/fb0585c436b230074e7bc7db24a79b24.jpg_200x200q80.jpg
Lazada,4468867338,HGHMNDS CLO. - Wave Wanderer Shirt,T-Shirt,199.75,7878.0,97.5,23,sold_lifetime,,4,True,True,True,,https://www.lazada.com.ph/products/pdp-i4468867338.html,https://img.lazcdn.com/g/p/5e095d0e5eb51720e8a5cdb00aa92f34.jpg_200x200q80.jpg
Lazada,4457642717,HGHMNDS CLO. - Millions,T-Shirt,156.0,6969.0,97.8,100,sold_lifetime,,16,True,True,True,,https://www.lazada.com.ph/products/pdp-i4457642717.html,https://img.lazcdn.com/g/p/de5c85b8605a88e62e1bc629d54ef420.jpg_200x200q80.jpg
Lazada,15389371957,HIGHMINDS CLOTHING V2 INSPIRED OVERSIZED TSHIRT DESIGN Men's Tops - T-shirts Menswear Print .C,T-Shirt,192.03,7777.0,97.5,13,sold_lifetime,,4,True,True,True,,https://www.lazada.com.ph/products/pdp-i15389371957.html,https://img.lazcdn.com/g/p/38a7bc30ca215372ce4170b357097b4b.jpg_200x200q80.jpg
Lazada,15389465328,HIGHMINDS CLOTHING V7 INSPIRED OVERSIZED TSHIRT DESIGN Men's Tops - T-shirts Menswear Print .C,T-Shirt,192.03,7777.0,97.5,0,sold_lifetime,,2,True,True,True,,https://www.lazada.com.ph/products/pdp-i15389465328.html,https://img.lazcdn.com/g/p/d32dda1ac467f222dde221d27e74bb9a.jpg_200x200q80.jpg
Lazada,5120939019,HGHMNDS CLO. - MANIFEST .2025,T-Shirt,199.75,6767.0,97.0,19,sold_lifetime,,5,True,True,True,,https://www.lazada.com.ph/products/pdp-i5120939019.html,https://img.lazcdn.com/g/p/fb0065619cfa2074f3e8e12ef6a7695c.jpg_200x200q80.jpg
Lazada,15389453399,HIGHMINDS CLOTHING V1 INSPIRED OVERSIZED TSHIRT DESIGN Men's Tops - T-shirts Menswear Print .C,T-Shirt,192.03,7777.0,97.5,0,sold_lifetime,,0,False,True,True,,https://www.lazada.com.ph/products/pdp-i15389453399.html,https://img.lazcdn.com/g/p/1002a9f45ca05fea92ac9d23dc301665.jpg_200x200q80.jpg
Lazada,15389414488,HIGHMINDS CLOTHING V5 INSPIRED OVERSIZED TSHIRT DESIGN Men's Tops - T-shirts Menswear Print .C,T-Shirt,192.03,7777.0,97.5,7,sold_lifetime,,1,True,True,True,,https://www.lazada.com.ph/products/pdp-i15389414488.html,https://img.lazcdn.com/g/p/5f7c01ea03d68dc715473ae0ba88087f.jpg_200x200q80.jpg
Lazada,5365528624,HIGHMINDS CLOTHING V5 INSPIRED OVERSIZED TSHIRT DESIGN Men's Tops - T-shirts Menswear Print .2026,T-Shirt,192.03,7070.0,97.3,0,sold_lifetime,,0,False,True,True,,https://www.lazada.com.ph/products/pdp-i5365528624.html,https://img.lazcdn.com/g/p/5f7c01ea03d68dc715473ae0ba88087f.jpg_200x200q80.jpg
Lazada,5141350601,HIGHMINDS INSPIRED V1 OVERSIZED SHIRTS Menswear Top,T-Shirt,199.0,6161.0,96.8,9,sold_lifetime,,2,True,True,True,,https://www.lazada.com.ph/products/pdp-i5141350601.html,https://img.lazcdn.com/g/p/4df0e1c911d0e848e5094240d85b6819.jpg_200x200q80.jpg
Lazada,5205129245,HGHMNDS CLO. - MANIFEST,T-Shirt,192.03,6464.0,97.0,6,sold_lifetime,,0,False,True,True,,https://www.lazada.com.ph/products/pdp-i5205129245.html,https://img.lazcdn.com/g/p/fb0065619cfa2074f3e8e12ef6a7695c.jpg_200x200q80.jpg
Lazada,5365558617,HIGHMINDS CLOTHING V3 INSPIRED OVERSIZED TSHIRT DESIGN Men's Tops - T-shirts Menswear Print .2026,T-Shirt,192.03,7070.0,97.3,5,sold_lifetime,,0,False,True,True,,https://www.lazada.com.ph/products/pdp-i5365558617.html,https://img.lazcdn.com/g/p/fb0585c436b230074e7bc7db24a79b24.jpg_200x200q80.jpg
Lazada,5365594644,HIGHMINDS CLOTHING V6 INSPIRED OVERSIZED TSHIRT DESIGN Men's Tops .2026,T-Shirt,199.0,6969.0,97.1,0,sold_lifetime,,1,True,True,True,,https://www.lazada.com.ph/products/pdp-i5365594644.html,https://img.lazcdn.com/g/p/582d763587199b90c1c26736c41d689b.jpg_200x200q80.jpg
Lazada,4820119144,HGHMNDS CLO. - KALMADO OUT OF BODY,T-Shirt,199.75,7373.0,97.3,6,sold_lifetime,,1,True,True,True,,https://www.lazada.com.ph/products/pdp-i4820119144.html,https://img.lazcdn.com/g/p/85b2e44ab52c47f0703302aae50ada5d.jpg_200x200q80.jpg
